Ward,Neighbourhood Number,Neighbourhood Name,0 - 4,5 - 9,10 - 14,15 - 19,20 - 24,25 - 29,30 - 34,35 - 39,40 - 44,45 - 49,50 - 54,55 - 59,60 - 64,65 - 69,70 - 74,75 - 79,80 - 84,85+,No Response
WARD 1,3140,CRESTWOOD,68,83,97,99,76,62,59,74,77,110,116,148,98,100,91,80,64,49,800
WARD 1,3330,PARKVIEW,126,162,138,165,155,96,128,149,164,164,218,247,197,146,89,90,82,64,705
WARD 11,6110,CPR IRVINE,0,1,0,0,18,44,39,4,1,1,6,1,0,1,0,0,2,0,48
WARD 9,5350,RHATIGAN RIDGE,73,130,117,112,112,84,56,83,107,103,142,185,205,171,102,74,42,39,1140
WARD 5,4140,ELMWOOD,131,121,130,169,180,185,173,135,154,154,161,133,145,140,92,117,60,51,290
WARD 8,6350,KENILWORTH,72,76,84,100,97,135,130,103,121,123,325,449,114,90,92,139,127,73,103
WARD 4,2110,BRINTNELL,467,559,394,325,267,421,546,562,473,361,297,193,147,107,45,38,14,3,1263
WARD 4,2270,EVERGREEN,61,66,63,34,50,40,43,71,61,74,107,83,76,101,61,47,16,3,447
WARD 8,6380,LAMBTON INDUSTRIAL,0,0,0,36,70,64,55,12,0,0,0,0,0,0,0,0,0,0,0
WARD 7,1010,ALBERTA AVENUE,256,251,183,202,317,418,518,396,326,332,425,362,272,207,139,78,64,41,1968
WARD 1,4530,SUNWAPTA INDUSTRIAL,0,0,0,0,0,0,0,0,0,0,0,0,0,0,0,0,0,0,0
WARD 5,4551,GRANVILLE,108,89,71,45,36,86,152,147,97,58,45,49,33,32,4,2,1,1,513
WARD 12,6140,CRAWFORD PLAINS,221,220,200,250,261,212,275,236,216,240,277,256,207,130,61,31,26,14,946
WARD 9,5575,WINDERMERE AREA,0,0,0,0,0,0,0,0,0,0,0,0,0,0,0,0,0,0,0
WARD 12,6443,TAMARACK,505,442,316,236,209,364,582,571,416,236,154,106,88,91,36,13,3,13,196
WARD 9,5401,RIVER VALLEY FORT EDMONTON,0,0,0,0,0,0,0,0,0,0,0,0,0,0,0,0,0,0,0
WARD 1,4240,LA PERLE,205,214,216,213,224,243,225,226,225,196,235,272,269,150,98,68,56,57,1455
WARD 1,3380,RIVER VALLEY CAPITOL HILL,0,0,0,0,0,0,0,0,0,0,0,0,0,0,0,0,0,0,0
WARD 9,5451,RICHFORD,21,33,25,33,48,42,45,35,27,61,67,64,52,45,49,27,22,13,49
WARD 10,5530,UNIVERSITY OF ALBERTA FARM,0,0,0,0,0,0,0,0,0,0,0,0,0,0,0,0,0,0,0
WARD 3,4016,ANTHONY HENDAY CASTLEDOWNS,0,0,0,0,0,0,0,0,0,0,0,0,0,0,0,0,0,0,0
WARD 7,2660,RUNDLE HEIGHTS,132,169,178,132,85,167,286,253,221,237,136,117,141,120,93,72,32,23,815
WARD 1,4487,SECORD,262,189,108,93,75,205,360,694,239,106,105,78,63,17,10,5,1,1,560
WARD 11,6640,ROPER INDUSTRIAL,0,0,0,0,0,0,0,0,0,0,0,0,0,0,0,0,0,0,0
WARD 11,6720,TAWA,71,63,52,64,76,95,92,113,85,83,110,131,130,154,105,109,91,58,350
WARD 11,6160,DAVIES INDUSTRIAL EAST,0,0,0,0,0,0,0,0,0,0,0,0,0,0,0,0,0,0,0
WARD 4,2611,CY BECKER,73,51,33,16,29,69,60,54,24,30,19,24,3,3,1,2,0,0,192
WARD 1,4620,WESTVIEW VILLAGE,59,47,38,46,60,63,59,56,50,79,107,116,109,83,65,41,26,8,1045
WARD 6,1090,DOWNTOWN,116,62,38,138,1106,1837,1305,763,415,374,363,382,361,294,180,166,132,381,4355
WARD 2,4320,MISTATIM INDUSTRIAL,0,0,0,0,0,0,0,0,0,0,0,0,0,0,0,0,0,0,0
WARD 11,6450,MENISA,75,172,188,156,155,155,193,177,156,164,157,181,202,166,73,65,37,26,125
WARD 1,4350,NORWESTER INDUSTRIAL,0,0,0,0,0,0,0,0,0,0,0,0,0,0,0,0,0,0,0
WARD 4,2590,OVERLANDERS,173,163,112,131,165,197,237,164,126,132,120,147,139,103,45,30,18,11,724
WARD 5,4560,THORNCLIFF,139,145,148,140,169,183,187,170,156,145,148,120,113,86,90,49,28,24,1314
WARD 11,6690,SOUTHEAST INDUSTRIAL,0,0,0,0,0,0,0,0,0,0,0,0,0,0,0,0,0,0,0
WARD 1,4750,ROSENTHAL,79,63,49,49,50,80,89,94,90,44,28,44,27,19,9,1,3,0,643
WARD 8,6061,CAPILANO,72,72,82,83,89,43,61,88,71,110,153,174,155,102,81,66,64,60,908
WARD 5,4080,CALLINGWOOD SOUTH,249,205,161,140,206,294,296,261,194,178,210,145,165,146,101,98,82,76,2301
WARD 11,6600,RICHFIELD,206,233,284,224,169,161,256,232,193,164,139,148,105,122,91,43,35,14,501
WARD 4,2080,BELVEDERE,206,196,189,186,227,292,280,235,209,232,241,285,191,237,203,223,99,68,1370
WARD 12,6150,DALY GROVE,141,186,204,187,178,242,186,197,223,186,208,238,205,124,75,36,15,10,595
WARD 8,5330,QUEEN ALEXANDRA,127,105,73,121,449,762,483,289,225,155,179,154,167,138,94,73,39,50,1475
WARD 12,6442,SILVER BERRY,301,393,270,246,214,271,339,401,328,254,247,186,140,111,72,25,18,12,5173
WARD 5,4270,LYMBURN,250,295,266,317,376,359,346,294,295,324,423,403,329,223,124,62,36,46,924
WARD 1,4410,POUNDMAKER INDUSTRIAL,0,0,0,0,0,0,0,0,0,0,0,0,0,0,0,0,0,0,0
WARD 3,2461,CRYSTALLINA NERA EAST,0,0,0,0,0,0,0,0,0,0,0,0,0,0,0,0,0,0,0
WARD 7,2360,INDUSTRIAL HEIGHTS,0,0,0,0,0,0,0,0,0,0,0,0,0,0,0,0,0,0,0
WARD 9,5453,BLACKMUD CREEK,130,194,188,149,137,126,130,171,203,200,237,165,118,101,80,42,22,11,359
WARD 11,6570,PARSONS INDUSTRIAL,0,0,0,0,0,0,0,0,0,0,0,0,0,0,0,0,0,0,0
WARD 2,3390,ROSSLYN,99,141,114,120,132,145,144,145,158,161,210,186,159,163,177,162,178,166,215
WARD 7,1080,DELTON,67,78,77,81,116,131,135,113,104,123,148,148,95,85,62,34,19,33,339
WARD 9,5467,CAVANAGH,0,0,0,0,0,0,0,0,0,0,0,0,0,0,0,0,0,0,0
WARD 3,3190,ELSINORE,61,145,125,161,130,78,85,125,112,162,192,165,130,158,94,69,26,36,256
WARD 7,2330,HIGHLANDS,90,109,81,86,103,110,131,163,114,137,179,190,181,161,94,65,39,79,433
WARD 9,5454,RUTHERFORD,745,797,540,441,484,725,853,893,833,666,440,370,390,287,137,122,51,38,2031
WARD 8,6731,RIVER VALLEY WALTERDALE,0,0,0,0,15,7,18,9,10,15,14,12,0,0,0,0,0,0,0
WARD 4,2390,KERNOHAN,124,107,107,124,121,139,134,123,120,130,148,179,203,175,90,53,33,24,858
WARD 10,5470,STEINHAUER,88,113,115,129,142,107,124,107,118,120,161,121,162,123,105,62,42,24,164
WARD 2,4050,BONAVENTURE INDUSTRIAL,0,0,0,0,0,0,0,0,0,0,0,0,0,0,0,0,0,0,0
WARD 10,5560,WHITEMUD CREEK RAVINE SOUTH,0,0,0,0,0,0,0,0,0,0,0,0,0,0,0,0,0,0,0
WARD 8,5290,MCKERNAN,79,61,43,68,323,288,147,139,110,70,73,97,86,67,52,30,17,13,692
WARD 12,6770,WEINLOS,84,105,131,171,160,175,162,148,149,140,174,249,251,121,89,51,23,33,892
WARD 12,6440,MEADOWS AREA,0,0,0,0,0,0,0,0,0,0,0,0,0,0,0,0,0,0,0
WARD 9,5505,AMBLESIDE,360,237,131,118,186,360,510,344,234,194,128,119,102,86,48,33,14,7,1226
WARD 9,5590,BLACKBURNE,46,63,62,79,70,69,55,62,73,105,125,101,114,85,81,39,29,30,122
WARD 2,3290,MCARTHUR INDUSTRIAL,0,0,0,0,0,0,0,0,0,0,0,0,0,0,0,0,0,0,0
WARD 8,5151,STRATHCONA JUNCTION,0,0,0,0,0,0,0,0,0,0,0,0,0,0,0,0,0,0,0
WARD 9,5130,CARTER CREST,39,61,64,78,69,47,31,60,38,82,111,118,109,94,72,37,35,20,457
WARD 6,1140,MCCAULEY,117,95,79,95,156,212,288,254,245,201,302,297,295,230,143,100,62,49,1579
WARD 7,2010,ABBOTTSFIELD,184,178,136,97,109,128,172,182,137,85,72,73,70,46,29,8,4,5,192
WARD 11,6400,LEE RIDGE,89,104,102,111,89,101,97,102,100,92,93,141,139,130,89,49,24,19,1041
WARD 7,1100,EASTWOOD,145,132,123,165,193,218,187,173,187,197,243,236,195,169,113,80,39,60,1160
WARD 10,5460,SKYRATTLER,97,89,55,61,152,154,177,129,111,99,103,131,125,91,73,34,18,10,372
WARD 6,3440,WESTMOUNT,247,201,161,168,285,450,471,424,338,288,367,342,308,181,148,79,46,51,1332
WARD 9,5570,WINDERMERE,621,409,272,269,257,397,637,505,418,354,258,251,151,133,61,33,19,21,3062
WARD 9,5610,HADDOW,175,231,257,218,157,141,201,217,271,291,261,191,173,162,121,103,44,31,947
WARD 9,5469,PAISLEY,23,21,18,8,16,55,58,36,16,25,3,8,3,2,4,0,0,1,187
WARD 9,5465,HAYS RIDGE AREA,6,4,10,8,5,3,9,15,8,8,10,5,8,9,2,0,2,1,47
WARD 1,4630,WHITE INDUSTRIAL,0,0,0,0,0,0,0,0,0,0,0,0,0,0,0,0,0,0,0
WARD 11,6700,STRATHCONA INDUSTRIAL PARK,0,0,0,0,0,0,0,0,0,0,0,0,0,0,0,0,0,0,0
WARD 4,2251,EBBERS,14,6,8,4,5,10,21,13,9,2,2,2,1,0,1,1,0,0,26
WARD 11,6492,MILL CREEK RAVINE SOUTH,0,0,0,0,0,0,0,0,0,0,0,0,0,0,0,0,0,0,0
WARD 1,4300,MCNAMARA INDUSTRIAL,0,0,0,0,0,0,0,0,0,0,0,0,0,0,0,0,0,0,0
WARD 11,6500,MILL WOODS GOLF COURSE,0,0,0,0,0,0,0,0,0,0,0,0,0,0,0,0,0,0,0
WARD 2,3450,WOODCROFT,75,71,65,70,76,66,100,95,80,75,105,112,127,162,105,101,88,159,412
WARD 3,2600,OZERNA,92,142,168,196,225,142,122,112,170,212,274,243,200,152,84,47,34,13,1762
WARD 10,5020,ASPEN GARDENS,59,92,119,114,92,55,64,80,93,121,145,111,90,82,55,68,51,35,124
WARD 6,1200,RIVER VALLEY VICTORIA,0,0,0,0,0,0,0,0,0,0,0,0,0,0,0,0,0,0,0
WARD 12,6444,LAUREL,508,455,399,337,293,577,698,713,591,337,215,139,111,123,63,29,8,13,1442
WARD 4,2690,RURAL NORTH EAST SOUTH STURGEON,11,24,29,32,38,12,10,26,29,39,57,40,27,15,7,6,4,3,243
WARD 9,5466,CASHMAN,0,0,0,0,0,0,0,0,0,0,0,0,0,0,0,0,0,0,0
WARD 3,2440,KLARVATTEN,342,373,296,269,247,311,391,370,379,319,311,252,156,90,55,27,19,21,1502
WARD 10,5490,SWEET GRASS,119,152,168,150,167,129,170,169,181,153,158,171,194,197,136,66,26,25,146
WARD 7,2290,GLENGARRY,125,109,105,113,129,155,151,103,104,126,182,211,179,137,139,181,107,101,552
WARD 6,3210,GROVENOR,95,105,73,79,86,107,142,117,99,116,147,146,120,104,54,31,33,32,474
WARD 1,4340,MORIN INDUSTRIAL,0,0,0,0,0,0,0,0,0,0,0,0,0,0,0,0,0,0,0
WARD 3,3030,BATURYN,177,198,251,239,211,242,223,249,221,212,268,312,307,271,145,124,51,39,1178
WARD 10,5400,RIVER VALLEY WHITEMUD,0,0,0,0,0,0,0,0,0,0,0,0,0,0,0,0,0,0,0
WARD 2,4330,MITCHELL INDUSTRIAL,0,0,0,0,0,0,0,0,0,0,0,0,0,0,0,0,0,0,0
WARD 1,4700,BRECKENRIDGE GREENS,86,93,111,88,84,100,97,123,125,167,139,128,88,71,53,46,20,14,257
WARD 9,5405,RIVER VALLEY WINDERMERE,0,0,0,0,0,0,0,0,0,0,0,0,0,0,0,0,0,0,0
WARD 8,6310,HOLYROOD,130,127,114,143,113,136,143,162,134,161,174,202,163,152,88,110,44,83,1040
WARD 3,4017,ANTHONY HENDAY LAKE DISTRICT,0,0,0,0,0,0,0,0,0,0,0,0,0,0,0,0,0,0,0
WARD 3,3280,LORELEI,290,255,207,182,203,266,293,254,194,220,202,178,195,182,122,96,46,34,715
WARD 7,2100,BEVERLY HEIGHTS,101,117,78,98,114,156,127,192,159,154,189,243,178,163,132,139,121,124,599
WARD 2,3220,HAGMANN ESTATE INDUSTRIAL,0,0,0,0,0,0,0,0,0,0,0,0,0,0,0,0,0,0,0
WARD 6,3310,NORTH GLENORA,116,127,76,83,98,123,124,145,125,95,153,119,107,81,36,31,25,45,206
WARD 2,1280,YELLOWHEAD CORRIDOR WEST,0,0,0,0,0,0,0,0,0,0,0,0,0,0,0,0,0,0,0
WARD 12,6580,POLLARD MEADOWS,318,350,205,216,264,447,543,322,273,236,207,257,249,158,113,63,26,37,286
WARD 1,4030,ARMSTRONG INDUSTRIAL,0,0,0,1,18,24,21,16,26,25,17,12,0,0,0,0,0,0,0
WARD 2,3070,CALDER,176,173,113,116,173,189,185,196,191,168,236,269,218,98,87,64,51,50,1251
WARD 8,6070,CLOVERDALE,19,24,25,30,19,49,67,59,47,50,59,62,81,34,18,16,8,10,238
WARD 9,5620,HODGSON,103,165,150,171,170,131,103,143,209,216,217,185,140,101,90,72,38,25,285
WARD 1,4490,SHEFFIELD INDUSTRIAL,0,0,0,0,0,0,0,0,0,0,0,0,0,0,0,0,0,0,0
WARD 9,5565,WHITEMUD CREEK RAVINE TWIN BROOKS,0,0,0,0,0,0,0,0,0,0,0,0,0,0,0,0,0,0,0
WARD 9,5576,KESWICK AREA,74,40,22,14,20,50,96,83,40,39,17,18,13,4,2,2,0,0,55
WARD 11,6020,AVONMORE,81,82,71,69,57,79,97,104,103,92,104,128,127,97,63,52,54,63,644
WARD 8,6040,BONNIE DOON,146,134,125,125,338,397,252,227,188,201,232,252,217,173,111,101,87,79,1154
WARD 7,2650,RIVER VALLEY RUNDLE,0,0,0,0,0,0,0,0,0,0,0,0,0,0,0,0,0,0,0
WARD 4,2340,HOLLICK-KENYON,402,408,344,326,461,534,415,388,334,390,366,295,198,147,100,60,23,19,926
WARD 10,5180,ERMINESKIN,222,184,166,166,289,413,419,352,244,226,238,260,260,203,185,172,163,195,884
WARD 12,6390,LARKSPUR,239,278,281,308,324,364,323,297,296,314,342,345,291,168,85,60,31,28,740
WARD 11,6590,PYLYPOW INDUSTRIAL,0,0,0,0,0,0,0,0,0,0,0,0,0,0,0,0,0,0,0
WARD 10,5070,BLUE QUILL ESTATES,73,88,53,55,62,85,81,104,90,72,74,58,87,61,45,26,15,6,84
WARD 4,2311,GORMAN,0,0,0,0,0,0,0,0,0,0,0,0,0,0,0,0,0,0,0
WARD 3,2260,EVANSDALE,358,349,282,254,273,292,256,291,235,290,241,248,209,208,194,139,99,76,1510
WARD 2,1250,WESTWOOD,78,61,40,93,217,245,207,173,160,127,164,171,126,84,56,37,22,27,1029
WARD 1,4290,MAYFIELD,68,86,57,88,69,87,91,92,84,99,134,138,125,71,60,43,35,40,496
WARD 4,2500,MATT BERRY,150,245,254,301,264,190,179,212,313,262,324,343,204,145,119,89,38,35,350
WARD 4,2120,CANON RIDGE,113,85,68,69,99,206,168,168,112,96,114,109,97,65,47,34,26,14,457
WARD 11,6650,ROSEDALE INDUSTRIAL,0,0,0,0,0,0,0,0,0,0,0,0,0,0,0,0,0,0,0
WARD 5,4070,CALLINGWOOD NORTH,149,134,109,97,123,180,222,180,148,100,114,120,103,73,49,29,17,18,411
WARD 4,2720,YORK,191,188,205,233,273,276,253,239,234,216,284,231,192,165,129,144,87,51,310
WARD 12,6216,THE ORCHARDS AT ELLERSLIE,245,132,76,55,93,281,296,213,162,57,70,40,22,16,19,0,1,0,285
WARD 8,6620,RIVER VALLEY GOLD BAR,0,0,0,0,0,0,0,0,0,0,0,0,0,0,0,0,0,0,0
WARD 1,4475,KINOKAMAU PLAINS AREA,0,6,2,6,7,4,1,4,9,4,11,21,27,5,2,0,1,0,2
WARD 5,4360,OLESKIW,55,55,73,103,112,53,56,51,58,82,118,170,163,190,82,65,34,30,1252
WARD 4,2430,KIRKNESS,220,234,166,195,226,306,294,228,210,190,229,229,222,133,71,36,14,13,771
WARD 1,4600,WEST SHEFFIELD INDUSTRIAL,0,0,0,0,0,0,0,0,0,0,0,0,0,0,0,0,0,0,0
WARD 7,1190,RIVER VALLEY KINNAIRD,0,0,0,0,0,0,0,0,0,0,0,0,0,0,0,0,0,0,0
WARD 8,6180,EASTGATE BUSINESS PARK,0,0,0,0,0,0,0,0,0,0,0,0,0,0,0,0,0,0,0
WARD 4,2670,RURAL NORTH EAST HORSE HILL,7,8,17,45,33,31,32,40,31,34,39,40,43,37,50,0,2,1,105
WARD 6,1220,ROSSDALE,18,13,23,16,51,51,63,51,33,60,61,76,68,56,14,6,3,9,190
WARD 3,3490,GOODRIDGE CORNERS,0,0,38,72,95,113,93,99,112,121,88,123,106,103,90,126,100,211,0
WARD 6,3300,MCQUEEN,62,72,60,93,106,67,84,67,65,89,104,110,102,54,58,53,52,112,317
WARD 11,6250,GAINER INDUSTRIAL,7,9,5,5,41,66,43,36,22,13,27,19,12,19,11,5,11,10,48
WARD 3,3120,CHAMBERY,119,235,204,186,113,67,120,225,255,192,165,123,101,54,29,30,9,7,379
WARD 2,3350,PRINCE CHARLES,31,26,62,38,43,39,34,55,35,59,66,44,52,36,26,12,4,8,611
WARD 3,3180,DUNLUCE,280,309,297,300,345,357,356,321,274,279,361,419,367,269,143,115,51,48,1432
WARD 9,5577,GLENRIDDING AREA,129,64,46,37,34,110,137,89,65,45,32,23,6,5,10,2,1,1,538
WARD 11,6520,MILL WOODS TOWN CENTRE,40,26,19,19,33,77,88,75,47,41,38,43,54,69,60,93,98,127,133
WARD 2,3160,DOMINION INDUSTRIAL,0,0,0,0,0,0,0,0,0,0,0,0,0,0,0,0,0,0,0
WARD 4,2030,BANNERMAN,173,194,183,163,155,220,236,178,141,163,189,200,212,137,71,31,18,18,347
WARD 10,5270,LENDRUM PLACE,67,59,47,69,65,55,58,97,67,96,127,128,78,61,69,59,49,38,431
WARD 11,6670,SAKAW,171,238,229,245,293,238,271,245,254,235,221,248,241,187,101,78,57,42,390
WARD 3,2450,LAGO LINDO,121,151,141,120,162,194,156,125,115,155,245,281,247,135,89,33,19,16,1428
WARD 10,5430,ROYAL GARDENS,130,165,151,194,203,206,207,163,165,192,202,171,125,127,121,100,51,55,665
WARD 11,6610,RITCHIE,150,106,88,87,217,444,383,312,216,185,208,238,201,144,89,48,39,67,757
WARD 10,5250,KEHEEWIN,41,58,54,65,81,62,63,72,59,57,119,134,140,122,84,106,81,98,1006
WARD 2,3010,ATHLONE,99,143,144,183,177,161,182,158,157,187,265,257,199,111,84,69,40,44,498
WARD 8,5200,GARNEAU,116,97,50,259,2084,1737,860,409,263,180,156,142,181,143,128,89,69,150,2677
WARD 8,6240,FULTON PLACE,54,84,47,59,70,59,70,81,74,81,97,116,86,102,52,56,69,71,673
WARD 9,4013,ANTHONY HENDAY TERWILLEGAR,0,0,0,0,0,0,0,0,0,0,0,0,0,0,0,0,0,0,0
WARD 4,2130,CASSELMAN,259,218,194,225,241,299,275,247,199,223,228,222,194,160,108,62,31,14,246
WARD 10,5320,PLEASANTVIEW,151,121,97,118,191,266,254,187,172,143,179,169,135,136,110,123,107,168,1075
WARD 1,4486,STEWART GREENS,13,8,7,10,11,32,19,8,12,77,3,2,2,0,0,0,0,0,40
WARD 10,5010,ALLENDALE,75,63,81,102,155,262,200,114,113,135,134,141,91,103,95,46,27,45,757
WARD 7,2040,BEACON HEIGHTS,125,113,114,127,132,177,163,181,166,173,230,201,167,114,98,99,55,62,390
WARD 2,3111,GRIESBACH,361,307,177,154,154,243,367,387,243,226,165,174,111,166,79,80,27,36,1257
WARD 11,6090,CORONET ADDITION INDUSTRIAL,0,0,0,0,0,0,0,0,0,0,0,0,0,0,0,0,0,0,0
WARD 4,2380,KENNEDALE INDUSTRIAL,0,0,0,0,0,0,0,0,0,0,0,0,0,0,0,0,0,0,0
WARD 4,2160,CLOVER BAR AREA,0,0,2,0,1,2,8,18,9,5,3,3,7,1,0,0,0,0,0
WARD 5,4467,RIVER VALLEY CAMERON,0,0,0,0,0,0,0,0,0,0,0,0,0,0,0,0,0,0,0
WARD 4,2710,SIFTON PARK,73,79,62,63,50,81,80,78,64,47,78,79,70,67,28,11,9,9,1036
WARD 3,2463,CRYSTALLINA NERA WEST,93,40,56,34,66,169,110,96,70,53,17,49,3,8,9,0,0,0,36
WARD 12,6665,ANTHONY HENDAY SOUTHEAST,0,0,0,0,0,0,0,0,0,0,0,0,0,0,0,0,0,0,0
WARD 5,4466,CAMERON HEIGHTS,138,178,103,69,48,31,78,120,113,91,65,55,45,32,15,5,2,0,455
WARD 4,4019,ANTHONY HENDAY ENERGY PARK,0,0,0,0,0,0,0,0,0,0,0,0,0,0,0,0,0,0,0
WARD 11,6560,PAPASCHASE INDUSTRIAL,0,0,0,0,0,0,0,0,0,0,0,0,0,0,0,0,0,0,0
WARD 2,4210,HIGH PARK INDUSTRIAL,0,0,0,0,0,0,0,0,0,0,0,0,0,0,0,0,0,0,0
WARD 1,4100,CARLETON SQUARE INDUSTRIAL,0,0,0,0,0,0,0,0,0,0,0,0,0,0,0,0,0,0,0
WARD 7,2090,BERGMAN,42,72,62,78,99,71,65,57,65,100,134,139,99,75,62,43,25,20,245
WARD 2,3230,HUFF BREMNER ESTATE INDUSTRIAL,0,0,0,0,0,0,0,0,0,0,0,0,0,0,0,0,0,0,0
WARD 7,2580,NORTHMOUNT,80,94,85,100,86,89,100,86,90,107,113,117,111,134,120,298,144,156,1082
WARD 1,4090,CANORA,104,103,64,83,111,147,148,140,113,126,151,134,116,87,60,35,24,16,1412
WARD 6,3381,RIVER VALLEY GLENORA,0,0,0,0,0,0,0,0,0,0,0,0,0,0,0,0,0,0,0
WARD 2,3410,SHERBROOKE,100,106,103,85,141,149,169,163,138,146,140,163,142,75,60,45,37,43,588
WARD 12,6660,RURAL SOUTH EAST,2,8,5,3,7,12,6,8,3,3,14,21,14,12,5,13,5,3,24
WARD 11,6190,EDMONTON RESEARCH AND DEVELOPMENT PARK,0,0,0,0,0,0,0,0,0,0,0,0,0,0,0,0,0,0,0
WARD 11,6470,MEYONOHK,94,119,99,78,95,97,123,135,92,96,104,103,145,110,64,52,15,11,1228
WARD 2,1170,PRINCE RUPERT,16,10,6,15,17,24,35,19,16,20,24,40,32,23,12,23,6,9,945
WARD 1,4670,WINTERBURN INDUSTRIAL AREA WEST,0,0,0,0,7,8,8,6,10,3,11,7,4,0,0,0,0,0,10
WARD 1,4011,ANTHONY HENDAY,0,0,0,0,0,0,0,0,0,0,0,0,0,0,0,0,0,0,0
WARD 8,5580,WINDSOR PARK,19,31,30,132,737,615,341,44,58,45,53,58,74,71,31,26,20,23,410
WARD 6,3200,GLENORA,109,180,220,203,166,142,139,166,191,252,269,277,265,222,160,111,46,61,334
WARD 10,5310,PARKALLEN,83,104,85,80,146,173,161,144,131,115,116,136,97,82,46,28,18,25,604
WARD 3,3040,BEAUMARIS,130,119,114,119,176,180,173,138,109,139,197,258,280,257,220,186,178,157,1268
WARD 1,4040,BELMEAD,178,264,246,277,229,221,205,294,227,239,277,362,312,222,161,83,51,55,722
WARD 2,4015,ANTHONY HENDAY MISTATIM,0,0,0,0,0,0,0,0,0,0,0,0,0,0,0,0,0,0,0
WARD 9,4014,ANTHONY HENDAY SOUTH,0,0,0,0,0,0,0,0,0,0,0,0,0,0,0,0,0,0,0
WARD 7,1120,EDMONTON NORTHLANDS,0,0,0,0,0,0,0,0,0,0,0,0,0,0,0,0,0,0,0
WARD 4,2280,FRASER,178,211,164,156,214,266,239,223,164,178,233,318,210,135,57,31,23,5,484
WARD 10,5120,CALGARY TRAIL SOUTH,0,0,0,0,0,0,0,0,0,0,0,0,0,0,0,0,0,0,0
WARD 10,5210,GRANDVIEW HEIGHTS,50,51,69,65,34,21,16,60,50,62,69,65,109,86,58,41,36,43,154
WARD 11,6010,ARGYLL,28,24,17,34,34,37,39,23,39,29,63,55,46,35,31,14,11,22,196
WARD 1,4020,ALDERGROVE,269,253,192,225,306,278,269,251,259,202,248,288,262,155,101,62,38,32,1290
WARD 12,6213,SUMMERSIDE,1024,1017,686,487,615,997,1388,1220,921,612,463,353,255,179,96,53,22,14,2958
WARD 11,6510,MILL WOODS PARK,0,0,0,0,0,0,0,0,0,0,0,0,0,0,0,0,0,0,0
WARD 2,3320,OXFORD,171,219,220,254,234,204,210,237,239,250,281,269,204,136,95,79,42,31,663
WARD 1,4200,HIGH PARK,17,12,25,29,29,22,33,30,36,41,60,66,71,49,30,30,27,24,707
WARD 11,6100,CORONET INDUSTRIAL,0,0,0,0,0,0,0,0,0,0,0,0,0,0,0,0,0,0,0
WARD 11,6760,TWEDDLE PLACE,108,206,128,97,71,77,104,88,99,66,88,129,98,100,65,53,25,18,1664
WARD 6,1180,QUEEN MARY PARK,260,149,99,163,441,626,557,414,345,295,235,217,214,172,89,41,43,49,2537
WARD 5,4430,RIO TERRACE,41,81,70,62,63,50,52,58,67,66,102,91,86,72,57,42,43,36,147
WARD 9,5456,HERITAGE VALLEY AREA,0,0,0,0,0,0,0,0,0,0,0,0,0,0,0,0,0,0,0
WARD 1,4310,MEADOWLARK PARK,96,113,85,105,148,127,142,160,130,128,160,215,160,106,111,169,128,120,299
WARD 1,4470,RURAL WEST BIG LAKE,0,3,3,3,2,5,2,5,4,2,3,13,25,16,22,10,1,0,7
WARD 11,6300,HILLVIEW,132,148,149,121,149,176,186,168,152,128,149,233,239,191,72,56,19,27,837
WARD 3,2410,KILKENNY,170,243,247,264,292,264,224,236,249,245,371,437,270,182,197,156,66,72,1422
WARD 9,5477,MACTAGGART,139,172,129,117,97,85,132,165,173,150,116,114,96,79,57,40,27,7,222
WARD 6,1020,BOYLE STREET,125,94,66,107,356,442,449,327,288,298,332,402,357,217,204,193,179,211,2093
WARD 11,6480,MICHAELS PARK,60,70,59,81,62,67,77,86,62,93,92,110,108,90,48,37,12,10,996
WARD 12,6441,MAPLE,106,41,31,36,46,131,122,61,35,39,24,18,15,9,4,1,2,0,428
WARD 2,3260,LAUDERDALE,176,152,125,122,181,227,192,215,142,153,189,197,140,93,56,65,44,41,399
WARD 11,6680,SATOO,133,178,162,221,178,151,194,169,176,169,190,252,251,195,143,70,42,37,371
WARD 4,2070,BELMONT,285,326,240,213,225,261,344,252,257,260,293,329,234,248,145,101,39,41,1129
WARD 2,3480,HUDSON,125,110,137,125,135,151,141,148,123,156,144,109,82,51,42,19,9,9,569
WARD 9,5080,BRANDER GARDENS,119,164,154,114,136,125,132,135,131,141,121,157,142,112,97,90,35,30,339
WARD 11,6260,GIRARD INDUSTRIAL,0,0,0,0,0,0,0,0,0,0,0,0,0,0,0,0,0,0,0
WARD 2,3060,CAERNARVON,211,268,216,205,182,245,244,249,215,217,246,278,288,300,182,142,30,28,593
WARD 12,6330,JACKSON HEIGHTS,102,187,182,201,182,137,163,184,171,204,244,211,239,197,129,71,29,39,1105
WARD 2,4150,GAGNON ESTATE INDUSTRIAL,0,0,0,0,0,0,0,0,0,0,0,0,0,0,0,0,0,0,0
WARD 5,4451,RIVER VALLEY OLESKIW,0,0,0,0,0,0,0,0,0,0,0,0,0,0,0,0,0,0,0
WARD 10,5110,CALGARY TRAIL NORTH,0,0,0,0,0,0,0,0,0,0,0,0,0,0,0,0,0,0,0
WARD 5,3270,LAURIER HEIGHTS,82,150,120,137,111,78,84,114,153,137,179,177,156,220,122,118,105,375,216
WARD 11,6750,TIPASKAN,169,195,171,137,177,175,187,216,176,167,126,127,126,110,56,30,9,12,594
WARD 12,6211,ELLERSLIE,313,361,240,175,218,301,363,368,295,254,208,141,97,67,39,17,11,12,2060
WARD 11,6430,MCINTYRE INDUSTRIAL,0,0,0,0,0,0,0,0,0,0,0,0,0,0,0,0,0,0,0
WARD 1,4520,SUMMERLEA,49,55,56,85,98,112,92,74,68,81,120,119,143,137,81,67,71,68,455
WARD 10,5550,WHITEMUD CREEK RAVINE NORTH,0,0,0,0,0,0,0,0,0,0,0,0,0,0,0,0,0,0,0
WARD 1,4400,PLACE LARUE,0,0,0,0,0,0,0,0,0,0,0,0,0,0,0,0,0,0,0
WARD 5,4720,GLASTONBURY,305,425,402,327,264,342,400,466,503,436,365,353,249,174,121,114,67,137,943
WARD 7,2060,BELLEVUE,30,36,37,15,38,39,44,53,53,45,62,66,42,34,20,12,11,11,353
WARD 8,5520,UNIVERSITY OF ALBERTA,0,0,0,0,0,0,0,0,0,0,0,0,0,0,0,0,0,0,0
WARD 1,4130,EDMISTON INDUSTRIAL,0,0,0,0,0,0,0,0,0,0,0,0,0,0,0,0,0,0,0
WARD 11,6280,GREENVIEW,115,129,162,153,146,146,154,151,139,139,195,160,223,166,77,40,24,15,309
WARD 12,6370,KINISKI GARDENS,269,291,299,336,324,386,412,353,327,383,385,450,311,184,118,55,23,23,1151
WARD 12,6030,BISSET,189,179,163,163,190,266,228,201,167,161,175,238,186,145,80,34,17,10,1154
WARD 11,6460,MEYOKUMIN,102,139,126,116,147,119,131,142,114,124,125,163,144,121,55,41,15,11,1085
WARD 7,2020,BALWIN,205,191,142,155,154,175,180,162,150,178,202,213,130,124,107,90,65,62,1137
WARD 12,6214,ELLERSLIE INDUSTRIAL,0,0,0,0,0,0,0,0,0,0,0,0,0,0,0,0,0,0,0
WARD 5,4610,WESTRIDGE,40,66,80,62,70,22,38,57,74,69,82,87,95,94,66,46,32,16,259
WARD 5,4463,RIVERVIEW AREA,11,21,33,26,28,6,14,21,17,31,32,38,29,17,7,4,4,4,103
WARD 1,4474,STARLING,43,14,29,20,22,56,69,67,164,41,37,49,10,13,5,0,0,0,15
WARD 5,4440,RIVER VALLEY LESSARD NORTH,0,0,0,0,0,0,0,0,0,0,0,0,0,0,0,0,0,0,0
WARD 5,4160,GARIEPY,49,54,67,66,52,50,60,73,78,78,82,190,129,170,79,57,25,24,374
WARD 1,4060,BRITANNIA YOUNGSTOWN,176,137,105,126,199,217,231,219,189,191,238,229,191,131,103,81,49,49,1878
WARD 10,5160,DUGGAN,243,244,258,259,253,255,303,269,276,262,238,232,214,187,185,111,80,44,620
WARD 8,5480,STRATHCONA,209,141,108,147,485,991,750,518,372,344,336,328,295,291,153,113,59,67,3266
WARD 9,5463,DESROCHERS AREA,0,0,0,0,0,0,0,0,0,0,0,0,0,0,0,0,0,0,0
WARD 1,4500,SHERWOOD,54,38,25,37,47,44,32,46,50,60,71,53,55,27,14,29,18,27,611
WARD 5,4570,WEDGEWOOD HEIGHTS,23,29,36,65,73,29,25,33,23,58,97,130,99,59,31,22,5,11,583
WARD 7,1160,PARKDALE,122,102,97,96,226,241,211,198,164,176,192,181,163,131,88,59,24,60,801
WARD 1,4190,HAWIN PARK ESTATE INDUSTRIAL,0,0,0,0,0,0,0,0,0,0,0,0,0,0,0,0,0,0,0
WARD 9,5380,RIVER VALLEY TERWILLEGAR,0,0,0,0,0,0,0,0,0,0,0,0,0,0,0,0,0,0,0
WARD 5,4390,PATRICIA HEIGHTS,87,103,82,70,98,110,103,92,75,65,90,94,67,53,32,33,20,12,439
WARD 3,2241,EAUX CLAIRES,155,152,151,176,246,265,201,227,218,239,243,219,154,119,66,66,26,28,476
WARD 4,2320,HAIRSINE,126,123,106,165,145,188,174,161,113,118,161,188,118,95,57,32,9,12,343
WARD 10,5540,WESTBROOK ESTATES,21,46,65,53,44,20,24,37,45,49,61,72,58,45,41,36,30,29,305
WARD 2,3340,PEMBINA,22,13,10,6,21,57,58,23,29,34,14,17,19,19,24,11,15,12,119
WARD 7,1270,YELLOWHEAD CORRIDOR EAST,0,0,0,0,0,0,0,0,0,0,0,0,0,0,0,0,0,0,0
WARD 8,6230,FOREST HEIGHTS,122,149,120,132,164,203,283,210,172,212,277,215,306,207,142,130,115,141,801
WARD 1,4485,LEWIS FARMS INDUSTRIAL,1,8,1,1,2,4,1,0,1,9,8,3,3,3,2,6,0,1,37
WARD 5,3382,RIVER VALLEY LAURIER,0,0,0,0,0,0,0,0,0,0,0,0,0,0,0,0,0,0,0
WARD 2,3050,BROWN INDUSTRIAL,0,0,0,0,0,0,0,0,0,0,0,0,0,0,0,0,0,0,0
WARD 11,6780,WEIR INDUSTRIAL,0,0,0,0,0,0,0,0,0,0,0,0,0,0,0,0,0,0,0
WARD 1,4230,JASPER PARK,68,62,42,70,64,86,85,100,79,95,105,120,105,75,34,37,31,46,451
WARD 11,6195,SOUTH EDMONTON COMMON,0,0,0,0,0,0,0,0,0,0,0,0,0,0,0,0,0,0,0
WARD 5,4012,ANTHONY HENDAY SOUTH WEST,0,0,0,0,0,0,0,0,0,0,0,0,0,0,0,0,0,0,0
WARD 3,3370,RAPPERSWILL,169,126,132,92,72,209,246,167,128,104,78,59,35,26,16,10,2,0,356
WARD 9,5100,BULYEA HEIGHTS,50,81,87,101,107,59,35,67,81,82,110,187,174,143,88,52,37,33,1865
WARD 1,4650,WINTERBURN INDUSTRIAL AREA EAST,0,0,0,0,0,0,0,0,0,0,0,0,0,0,0,0,0,0,0
WARD 9,5511,TWIN BROOKS,179,249,338,456,338,230,173,218,299,441,518,521,432,288,227,185,113,65,995
WARD 5,4280,LYNNWOOD,101,123,119,112,150,125,142,173,156,134,146,160,125,84,68,60,43,49,1210
WARD 10,5170,EMPIRE PARK,169,135,117,169,506,474,338,222,197,182,171,145,133,138,85,77,27,20,1597
WARD 5,4380,ORMSBY PLACE,196,216,248,279,292,252,267,220,214,262,352,422,293,206,112,58,26,27,1422
WARD 8,6550,OTTEWELL,205,185,177,247,309,282,255,238,217,299,407,431,293,292,219,289,202,223,959
WARD 9,5457,CALLAGHAN,247,222,163,120,125,153,172,222,153,139,118,113,74,52,40,21,2,8,1415
WARD 10,5060,BLUE QUILL,238,206,171,150,191,273,324,289,239,168,170,167,145,115,63,53,30,18,1609
WARD 5,4120,DONSDALE,29,51,67,79,68,40,29,49,69,76,103,104,154,149,63,38,76,47,183
WARD 9,5230,HENDERSON ESTATES,43,66,118,125,107,50,52,58,88,135,121,161,154,126,74,50,28,13,236
WARD 4,2530,MCLEOD,78,57,79,105,122,84,84,77,93,121,129,168,148,145,116,78,49,24,469
WARD 7,2640,RIVER VALLEY HIGHLANDS,0,0,0,0,0,0,0,0,0,0,0,0,0,0,0,0,0,0,0
WARD 10,5360,RIDEAU PARK,40,45,47,66,67,82,76,73,68,72,98,85,72,97,79,76,73,86,679
WARD 2,3020,BARANOW,72,43,30,14,48,103,91,69,59,43,40,47,61,66,62,60,38,58,773
WARD 6,1030,CENTRAL MCDOUGALL,186,119,57,104,237,407,512,330,266,237,203,247,170,105,67,33,30,36,1565
WARD 5,4461,THE HAMPTONS,894,926,627,495,433,722,1077,1074,831,663,545,358,237,145,66,38,16,8,2405
WARD 5,4462,EDGEMONT,173,96,60,56,44,159,172,125,81,74,43,45,42,26,29,5,3,6,297
WARD 3,3080,CANOSSA,192,291,205,203,200,172,216,277,252,279,217,212,126,78,47,21,15,9,272
WARD 5,4110,DECHENE,48,66,65,98,92,49,60,56,70,67,94,171,151,104,67,49,22,27,276
WARD 11,6360,KING EDWARD PARK,183,157,147,177,289,383,383,297,242,228,250,283,226,137,84,54,42,68,618
WARD 1,4540,TERRA LOSA,54,40,40,30,76,110,104,103,95,114,124,153,152,189,131,195,154,150,209
WARD 2,3170,DOVERCOURT,79,93,70,65,95,105,107,114,116,123,137,170,96,79,46,38,33,36,513
WARD 10,5260,LANSDOWNE,46,69,57,57,83,75,55,62,54,66,83,76,75,53,31,72,43,21,163
WARD 2,4170,GARSIDE INDUSTRIAL,0,0,0,0,0,0,0,0,0,0,0,0,0,0,0,0,0,0,0
WARD 8,6630,RIVER VALLEY RIVERSIDE,0,0,0,0,0,0,0,0,0,0,0,0,0,0,0,0,0,0,0
WARD 8,6491,MILL CREEK RAVINE NORTH,0,0,0,0,0,0,0,0,0,0,0,0,0,0,0,0,0,0,0
WARD 4,2521,MCCONACHIE AREA,594,322,201,179,212,387,834,401,268,185,129,103,112,54,25,30,6,8,891
WARD 8,6270,GOLD BAR,123,145,153,117,143,173,140,167,145,123,181,184,142,88,88,91,71,72,453
WARD 2,3090,CARLISLE,200,227,182,163,158,186,232,194,197,174,183,194,174,132,87,58,35,22,954
WARD 5,4220,JAMIESON PLACE,65,105,109,128,146,102,78,106,109,143,205,223,179,122,56,49,32,23,1389
WARD 7,1130,ELMWOOD PARK,44,44,27,33,47,34,45,40,43,55,49,54,50,30,24,21,20,11,422
WARD 11,6200,EKOTA,95,119,119,119,92,106,125,101,105,107,88,114,124,125,76,37,19,8,736
WARD 9,5476,MAGRATH HEIGHTS,174,244,170,190,166,109,138,241,249,249,186,160,105,78,70,59,32,28,809
WARD 9,5340,RAMSAY HEIGHTS,179,174,168,165,198,167,211,212,188,192,185,238,270,231,143,86,38,31,313
WARD 1,4660,YOUNGSTOWN INDUSTRIAL,0,0,0,0,0,0,0,0,0,0,0,0,0,0,0,0,0,0,0
WARD 2,3150,CUMBERLAND,310,378,324,263,218,237,411,391,332,327,316,235,215,119,51,46,25,13,1867
WARD 4,2350,HOMESTEADER,214,257,200,191,156,176,227,206,202,171,151,154,152,118,92,52,29,12,785
WARD 9,5468,GRAYDON HILL,3,3,1,3,9,15,12,2,5,3,1,3,4,1,0,0,0,0,64
WARD 4,4022,ANTHONY HENDAY CLAREVIEW,0,0,0,0,0,0,0,0,0,0,0,0,0,0,0,0,0,0,0
WARD 11,6540,MORRIS INDUSTRIAL,0,0,0,0,0,0,0,0,0,0,0,0,0,0,0,0,0,0,0
WARD 2,3240,INGLEWOOD,202,212,113,152,265,388,492,404,331,309,362,314,259,204,129,126,127,197,1336
WARD 7,2550,MONTROSE,106,92,98,95,144,184,158,140,151,156,183,165,129,124,56,47,14,33,1234
WARD 3,2511,MAYLIEWAN,92,172,228,259,237,148,127,158,203,231,335,316,193,166,93,65,32,25,973
WARD 1,4180,GLENWOOD,192,199,193,189,203,258,306,311,215,278,269,309,245,198,197,181,146,116,974
WARD 1,4740,WEBBER GREENS,137,124,99,110,100,90,157,160,160,153,98,67,46,19,17,3,3,8,720
WARD 2,3470,CARLTON,259,254,227,158,157,245,325,269,279,235,151,148,143,73,44,44,10,7,1905
WARD 9,5090,BROOKSIDE,75,88,74,94,50,36,50,79,67,90,79,73,86,68,59,58,53,29,829
WARD 7,2560,NEWTON,110,106,90,97,135,139,149,125,121,114,180,213,167,124,89,75,45,68,669
WARD 12,6662,WALKER,651,549,389,314,340,700,893,710,506,337,220,176,139,88,40,26,7,5,1456
WARD 1,4010,ALBERTA PARK INDUSTRIAL,0,0,0,0,0,0,0,0,0,0,0,0,0,0,0,0,0,0,0
WARD 9,5190,FALCONER HEIGHTS,31,74,82,89,84,46,30,49,72,104,99,99,101,69,54,49,50,233,552
WARD 9,5464,HERITAGE VALLEY TOWN CENTRE AREA,28,19,12,18,62,118,77,10,16,23,10,23,36,11,13,0,1,0,81
WARD 9,5640,TERWILLEGAR TOWNE,310,435,423,369,231,252,333,426,467,417,387,312,214,151,132,93,97,190,945
WARD 12,6661,CHARLESWORTH,384,348,204,184,266,421,455,399,279,198,177,153,107,64,31,15,14,4,1759
WARD 8,5370,RIVER VALLEY MAYFAIR,0,0,0,0,0,0,0,0,0,0,0,0,0,0,0,0,0,0,0
WARD 9,5458,ALLARD,213,148,97,79,91,174,214,213,157,104,110,70,50,34,26,11,1,0,1341
WARD 7,1240,VIRGINIA PARK,13,13,9,38,52,32,20,33,23,22,22,39,18,28,44,72,55,61,137
WARD 12,6790,WILD ROSE,294,394,475,494,417,350,421,431,545,457,389,381,358,277,145,83,38,43,2621
WARD 1,4640,WILSON INDUSTRIAL,0,0,0,0,0,0,0,0,0,0,0,0,0,0,0,0,0,0,0
WARD 8,6320,IDYLWYLDE,56,45,28,59,102,109,115,73,83,57,102,117,83,80,68,66,66,83,430
WARD 4,2630,RIVER VALLEY HERMITAGE,0,0,0,0,0,0,0,0,0,0,0,0,0,0,0,0,0,0,0
WARD 10,5030,BEARSPAW,87,96,65,99,115,85,74,86,62,95,142,162,158,147,91,96,67,43,333
WARD 7,2230,DELWOOD,99,125,119,131,130,151,118,119,122,164,236,150,129,115,155,201,120,64,865
WARD 9,5630,LEGER,58,126,180,187,107,60,89,112,164,188,155,123,114,97,58,40,12,14,578
WARD 5,4420,QUESNELL HEIGHTS,9,32,18,30,22,20,7,17,18,20,24,37,29,26,13,11,6,3,30
WARD 2,3430,WELLINGTON,123,154,151,151,140,174,180,162,142,166,203,174,136,98,99,96,72,57,652
WARD 8,5040,BELGRAVIA,89,94,120,106,300,168,94,99,119,124,132,151,178,120,93,69,37,60,181
WARD 2,1230,SPRUCE AVENUE,43,30,26,59,143,108,122,95,99,84,150,128,105,84,37,52,21,35,461
WARD 11,6410,MAPLE RIDGE,41,49,34,42,49,67,58,42,76,98,137,154,110,104,68,52,17,10,401
WARD 8,6730,TERRACE HEIGHTS,65,53,58,67,77,113,185,100,73,108,140,167,128,71,43,65,70,67,774
WARD 2,1110,EDMONTON MUNICIPAL AIRPORT,0,0,0,0,0,0,0,0,0,0,0,0,0,0,0,0,0,0,0
WARD 8,6710,STRATHEARN,80,65,28,50,81,137,194,125,116,88,116,194,148,199,136,117,47,100,621
WARD 11,6420,MAPLE RIDGE INDUSTRIAL,21,23,22,1,1,0,0,2,0,0,3,2,0,0,0,0,0,0,2
WARD 2,4023,ANTHONY HENDAY RAMPART,0,0,0,0,0,0,0,0,0,0,0,0,0,0,0,0,0,0,0
WARD 6,1150,OLIVER,224,108,85,163,871,1713,1505,908,595,564,599,785,745,705,535,448,385,419,6766
WARD 2,3360,RAMPART INDUSTRIAL,0,0,0,0,0,0,0,0,0,0,0,0,0,0,0,0,0,0,0
WARD 11,6290,HAZELDEAN,122,159,116,124,190,301,360,192,170,174,219,222,160,134,81,51,49,53,396
WARD 1,4473,HAWKS RIDGE,30,26,12,4,9,45,61,74,48,15,20,16,14,5,0,0,0,0,29
WARD 1,4018,ANTHONY HENDAY BIG LAKE,0,0,0,0,0,0,0,0,0,0,0,0,0,0,0,0,0,0,0
WARD 1,4580,WEST JASPER PLACE,110,74,76,77,120,180,319,172,151,132,164,194,190,103,64,77,34,63,768
WARD 9,5462,CHAPPELLE AREA,447,231,136,93,148,375,590,432,211,92,107,91,67,31,19,3,0,3,1237
WARD 9,5300,OGILVIE RIDGE,25,29,39,48,46,23,19,29,24,44,63,93,92,84,45,29,15,10,225
WARD 7,2400,KILDARE,94,89,106,111,94,127,103,108,114,101,140,143,132,122,199,172,102,92,553
WARD 3,2050,BELLE RIVE,90,159,191,263,236,190,138,148,193,242,293,301,222,159,75,55,38,28,713
WARD 4,2541,MILLER,167,161,141,141,115,153,204,212,188,180,152,136,115,120,71,66,38,44,762
WARD 9,5642,SOUTH TERWILLEGAR,608,597,404,347,371,557,880,825,601,414,343,271,203,164,81,60,23,21,1807
WARD 11,6170,DAVIES INDUSTRIAL WEST,0,0,0,0,0,0,0,0,0,0,0,0,0,0,0,0,0,0,0
WARD 1,4730,SUDER GREENS,199,218,171,135,152,138,215,227,249,208,177,159,106,100,59,36,19,6,706
WARD 7,2420,KILLARNEY,331,280,163,169,220,272,262,294,276,248,238,166,120,104,78,79,48,53,951
WARD 1,4710,POTTER GREENS,30,48,72,96,86,27,38,33,68,105,106,141,128,134,86,51,35,21,185
WARD 1,4510,STONE INDUSTRIAL,0,0,0,0,0,0,0,0,0,0,0,0,0,0,0,0,0,0,0
WARD 7,1070,CROMDALE,129,64,42,53,142,152,137,98,76,65,81,93,68,64,45,24,18,17,691
WARD 10,5280,MALMO PLAINS,253,217,127,126,180,278,310,279,199,178,174,158,122,86,104,129,58,57,191
WARD 4,4021,ANTHONY HENDAY HORSE HILL,0,0,0,0,0,0,0,0,0,0,0,0,0,0,0,0,0,0,0
WARD 2,3460,ALBANY,101,54,44,28,67,120,117,71,56,26,41,49,26,13,17,4,2,4,443
WARD 1,4590,WEST MEADOWLARK PARK,103,85,92,97,112,108,131,114,121,153,217,196,216,119,147,131,88,57,987
WARD 3,2700,SCHONSEE,191,215,164,164,182,228,228,239,172,161,110,125,98,69,56,52,42,22,311
WARD 4,2681,EDMONTON ENERGY AND TECHNOLOGY PARK,1,2,3,8,17,13,17,12,28,25,23,15,14,17,17,32,20,14,37
WARD 12,6530,MINCHAU,72,93,108,85,86,101,112,105,98,107,120,154,167,85,53,23,13,16,1533
WARD 10,5050,BLACKMUD CREEK RAVINE,0,0,0,0,0,0,0,0,0,0,0,0,0,0,0,0,0,0,0
WARD 11,6340,KAMEYOSEK,104,126,127,99,81,106,133,140,119,92,102,118,110,91,71,53,105,160,466
WARD 10,5220,GREENFIELD,129,185,177,237,232,123,124,163,216,226,270,251,191,205,250,194,95,72,347
WARD 4,2145,CLAREVIEW TOWN CENTRE,166,154,86,95,225,412,308,248,201,165,120,104,68,42,36,18,11,5,871
WARD 9,5452,MACEWAN,288,334,234,233,295,441,486,421,426,389,286,247,216,176,114,75,39,29,745
WARD 1,4471,TRUMPETER AREA,111,59,34,22,46,115,159,107,65,48,44,41,32,17,6,3,0,1,146
WARD 2,3250,KENSINGTON,92,107,72,102,111,101,109,111,115,109,158,158,119,203,203,253,332,494,900
WARD 6,1210,RIVERDALE,77,73,65,51,84,110,119,109,105,114,135,168,154,129,74,28,17,12,392
